"filename", "language", "JSON", "JSON with Comments", "TypeScript", "SCSS", "Log", "HTML", "Markdown", "JavaScript", "XML", "comment", "blank", "total"
"c:\Users\frontend_coder\Documents\projects\ai-job-seek-helper\app\careerforgeai\README.md", "Markdown", 0, 0, 0, 0, 0, 0, 93, 0, 0, 0, 41, 134
"c:\Users\frontend_coder\Documents\projects\ai-job-seek-helper\app\careerforgeai\angular.json", "JSON", 100, 0, 0, 0, 0, 0, 0, 0, 0, 0, 1, 101
"c:\Users\frontend_coder\Documents\projects\ai-job-seek-helper\app\careerforgeai\docs\cors-troubleshooting.md", "Markdown", 0, 0, 0, 0, 0, 0, 57, 0, 0, 0, 27, 84
"c:\Users\frontend_coder\Documents\projects\ai-job-seek-helper\app\careerforgeai\docs\implementation-summary.md", "Markdown", 0, 0, 0, 0, 0, 0, 101, 0, 0, 0, 20, 121
"c:\Users\frontend_coder\Documents\projects\ai-job-seek-helper\app\careerforgeai\firebase-debug.log", "Log", 0, 0, 0, 0, 314, 0, 0, 0, 0, 0, 11, 325
"c:\Users\frontend_coder\Documents\projects\ai-job-seek-helper\app\careerforgeai\firebase.json", "JSON", 41, 0, 0, 0, 0, 0, 0, 0, 0, 0, 1, 42
"c:\Users\frontend_coder\Documents\projects\ai-job-seek-helper\app\careerforgeai\firestore-debug.log", "Log", 0, 0, 0, 0, 0, 0, 0, 0, 0, 0, 1, 1
"c:\Users\frontend_coder\Documents\projects\ai-job-seek-helper\app\careerforgeai\firestore.indexes.json", "JSON", 29, 0, 0, 0, 0, 0, 0, 0, 0, 0, 1, 30
"c:\Users\frontend_coder\Documents\projects\ai-job-seek-helper\app\careerforgeai\functions\.eslintrc.js", "JavaScript", 0, 0, 0, 0, 0, 0, 0, 31, 0, 0, 1, 32
"c:\Users\frontend_coder\Documents\projects\ai-job-seek-helper\app\careerforgeai\functions\firestore-debug.log", "Log", 0, 0, 0, 0, 0, 0, 0, 0, 0, 0, 1, 1
"c:\Users\frontend_coder\Documents\projects\ai-job-seek-helper\app\careerforgeai\functions\package-lock.json", "JSON", 10442, 0, 0, 0, 0, 0, 0, 0, 0, 0, 1, 10443
"c:\Users\frontend_coder\Documents\projects\ai-job-seek-helper\app\careerforgeai\functions\package.json", "JSON", 34, 0, 0, 0, 0, 0, 0, 0, 0, 0, 1, 35
"c:\Users\frontend_coder\Documents\projects\ai-job-seek-helper\app\careerforgeai\functions\src\index.ts", "TypeScript", 0, 0, 401, 0, 0, 0, 0, 0, 0, 2, 66, 469
"c:\Users\frontend_coder\Documents\projects\ai-job-seek-helper\app\careerforgeai\functions\tsconfig.dev.json", "JSON", 5, 0, 0, 0, 0, 0, 0, 0, 0, 0, 1, 6
"c:\Users\frontend_coder\Documents\projects\ai-job-seek-helper\app\careerforgeai\functions\tsconfig.json", "JSON with Comments", 0, 17, 0, 0, 0, 0, 0, 0, 0, 0, 1, 18
"c:\Users\frontend_coder\Documents\projects\ai-job-seek-helper\app\careerforgeai\package-lock.json", "JSON", 10565, 0, 0, 0, 0, 0, 0, 0, 0, 0, 1, 10566
"c:\Users\frontend_coder\Documents\projects\ai-job-seek-helper\app\careerforgeai\package.json", "JSON", 72, 0, 0, 0, 0, 0, 0, 0, 0, 0, 1, 73
"c:\Users\frontend_coder\Documents\projects\ai-job-seek-helper\app\careerforgeai\public\index.html", "HTML", 0, 0, 0, 0, 0, 79, 0, 0, 0, 6, 5, 90
"c:\Users\frontend_coder\Documents\projects\ai-job-seek-helper\app\careerforgeai\public\sitemap.xml", "XML", 0, 0, 0, 0, 0, 0, 0, 0, 8, 0, 1, 9
"c:\Users\frontend_coder\Documents\projects\ai-job-seek-helper\app\careerforgeai\scripts\cors-audit.mjs", "JavaScript", 0, 0, 0, 0, 0, 0, 0, 118, 0, 0, 11, 129
"c:\Users\frontend_coder\Documents\projects\ai-job-seek-helper\app\careerforgeai\scripts\cors-third-party-probe.mjs", "JavaScript", 0, 0, 0, 0, 0, 0, 0, 89, 0, 0, 3, 92
"c:\Users\frontend_coder\Documents\projects\ai-job-seek-helper\app\careerforgeai\scripts\functions-callable-smoke.mjs", "JavaScript", 0, 0, 0, 0, 0, 0, 0, 65, 0, 0, 14, 79
"c:\Users\frontend_coder\Documents\projects\ai-job-seek-helper\app\careerforgeai\src\app\app.config.server.ts", "TypeScript", 0, 0, 10, 0, 0, 0, 0, 0, 0, 0, 3, 13
"c:\Users\frontend_coder\Documents\projects\ai-job-seek-helper\app\careerforgeai\src\app\app.config.ts", "TypeScript", 0, 0, 60, 0, 0, 0, 0, 0, 0, 4, 6, 70
"c:\Users\frontend_coder\Documents\projects\ai-job-seek-helper\app\careerforgeai\src\app\app.html", "HTML", 0, 0, 0, 0, 0, 11, 0, 0, 0, 0, 1, 12
"c:\Users\frontend_coder\Documents\projects\ai-job-seek-helper\app\careerforgeai\src\app\app.routes.server.ts", "TypeScript", 0, 0, 15, 0, 0, 0, 0, 0, 0, 18, 2, 35
"c:\Users\frontend_coder\Documents\projects\ai-job-seek-helper\app\careerforgeai\src\app\app.routes.ts", "TypeScript", 0, 0, 163, 0, 0, 0, 0, 0, 0, 0, 2, 165
"c:\Users\frontend_coder\Documents\projects\ai-job-seek-helper\app\careerforgeai\src\app\app.scss", "SCSS", 0, 0, 0, 7, 0, 0, 0, 0, 0, 0, 0, 7
"c:\Users\frontend_coder\Documents\projects\ai-job-seek-helper\app\careerforgeai\src\app\app.spec.ts", "TypeScript", 0, 0, 22, 0, 0, 0, 0, 0, 0, 0, 4, 26
"c:\Users\frontend_coder\Documents\projects\ai-job-seek-helper\app\careerforgeai\src\app\app.ts", "TypeScript", 0, 0, 56, 0, 0, 0, 0, 0, 0, 0, 8, 64
"c:\Users\frontend_coder\Documents\projects\ai-job-seek-helper\app\careerforgeai\src\app\core\interceptors\error.interceptor.ts", "TypeScript", 0, 0, 45, 0, 0, 0, 0, 0, 0, 4, 5, 54
"c:\Users\frontend_coder\Documents\projects\ai-job-seek-helper\app\careerforgeai\src\app\core\interfaces\cover-letter.interface.ts", "TypeScript", 0, 0, 9, 0, 0, 0, 0, 0, 0, 0, 0, 9
"c:\Users\frontend_coder\Documents\projects\ai-job-seek-helper\app\careerforgeai\src\app\core\interfaces\job.interface.ts", "TypeScript", 0, 0, 6, 0, 0, 0, 0, 0, 0, 0, 1, 7
"c:\Users\frontend_coder\Documents\projects\ai-job-seek-helper\app\careerforgeai\src\app\core\interfaces\resumes.interface.ts", "TypeScript", 0, 0, 72, 0, 0, 0, 0, 0, 0, 1, 21, 94
"c:\Users\frontend_coder\Documents\projects\ai-job-seek-helper\app\careerforgeai\src\app\core\interfaces\user.interface.ts", "TypeScript", 0, 0, 22, 0, 0, 0, 0, 0, 0, 0, 3, 25
"c:\Users\frontend_coder\Documents\projects\ai-job-seek-helper\app\careerforgeai\src\app\core\prompts\resume-prompt.service.ts", "TypeScript", 0, 0, 50, 0, 0, 0, 0, 0, 0, 1, 6, 57
"c:\Users\frontend_coder\Documents\projects\ai-job-seek-helper\app\careerforgeai\src\app\core\services\ai-agent.service.ts", "TypeScript", 0, 0, 57, 0, 0, 0, 0, 0, 0, 4, 11, 72
"c:\Users\frontend_coder\Documents\projects\ai-job-seek-helper\app\careerforgeai\src\app\core\services\auth.service.ts", "TypeScript", 0, 0, 119, 0, 0, 0, 0, 0, 0, 0, 13, 132
"c:\Users\frontend_coder\Documents\projects\ai-job-seek-helper\app\careerforgeai\src\app\core\services\billing.service.ts", "TypeScript", 0, 0, 97, 0, 0, 0, 0, 0, 0, 0, 12, 109
"c:\Users\frontend_coder\Documents\projects\ai-job-seek-helper\app\careerforgeai\src\app\core\services\callable.service.ts", "TypeScript", 0, 0, 9, 0, 0, 0, 0, 0, 0, 0, 3, 12
"c:\Users\frontend_coder\Documents\projects\ai-job-seek-helper\app\careerforgeai\src\app\core\services\cover-letter.service.ts", "TypeScript", 0, 0, 49, 0, 0, 0, 0, 0, 0, 0, 4, 53
"c:\Users\frontend_coder\Documents\projects\ai-job-seek-helper\app\careerforgeai\src\app\core\services\notifications.service.ts", "TypeScript", 0, 0, 72, 0, 0, 0, 0, 0, 0, 0, 9, 81
"c:\Users\frontend_coder\Documents\projects\ai-job-seek-helper\app\careerforgeai\src\app\core\services\resume.service.ts", "TypeScript", 0, 0, 144, 0, 0, 0, 0, 0, 0, 1, 15, 160
"c:\Users\frontend_coder\Documents\projects\ai-job-seek-helper\app\careerforgeai\src\app\core\services\scroll.service.ts", "TypeScript", 0, 0, 10, 0, 0, 0, 0, 0, 0, 0, 2, 12
"c:\Users\frontend_coder\Documents\projects\ai-job-seek-helper\app\careerforgeai\src\app\core\services\seo.service.ts", "TypeScript", 0, 0, 80, 0, 0, 0, 0, 0, 0, 0, 15, 95
"c:\Users\frontend_coder\Documents\projects\ai-job-seek-helper\app\careerforgeai\src\app\core\services\storage.service.ts", "TypeScript", 0, 0, 17, 0, 0, 0, 0, 0, 0, 0, 4, 21
"c:\Users\frontend_coder\Documents\projects\ai-job-seek-helper\app\careerforgeai\src\app\core\services\trickle-db.service.ts", "TypeScript", 0, 0, 45, 0, 0, 0, 0, 0, 0, 3, 13, 61
"c:\Users\frontend_coder\Documents\projects\ai-job-seek-helper\app\careerforgeai\src\app\core\state\notifications\notifications.actions.ts", "TypeScript", 0, 0, 22, 0, 0, 0, 0, 0, 0, 0, 6, 28
"c:\Users\frontend_coder\Documents\projects\ai-job-seek-helper\app\careerforgeai\src\app\core\state\notifications\notifications.effects.ts", "TypeScript", 0, 0, 21, 0, 0, 0, 0, 0, 0, 0, 3, 24
"c:\Users\frontend_coder\Documents\projects\ai-job-seek-helper\app\careerforgeai\src\app\core\state\notifications\notifications.reducer.ts", "TypeScript", 0, 0, 28, 0, 0, 0, 0, 0, 0, 0, 4, 32
"c:\Users\frontend_coder\Documents\projects\ai-job-seek-helper\app\careerforgeai\src\app\core\state\notifications\notifications.selectors.ts", "TypeScript", 0, 0, 15, 0, 0, 0, 0, 0, 0, 0, 5, 20
"c:\Users\frontend_coder\Documents\projects\ai-job-seek-helper\app\careerforgeai\src\app\lib\notifications\notifications.html", "HTML", 0, 0, 0, 0, 0, 26, 0, 0, 0, 0, 3, 29
"c:\Users\frontend_coder\Documents\projects\ai-job-seek-helper\app\careerforgeai\src\app\lib\notifications\notifications.scss", "SCSS", 0, 0, 0, 47, 0, 0, 0, 0, 0, 0, 8, 55
"c:\Users\frontend_coder\Documents\projects\ai-job-seek-helper\app\careerforgeai\src\app\lib\notifications\notifications.spec.ts", "TypeScript", 0, 0, 20, 0, 0, 0, 0, 0, 0, 0, 6, 26
"c:\Users\frontend_coder\Documents\projects\ai-job-seek-helper\app\careerforgeai\src\app\lib\notifications\notifications.ts", "TypeScript", 0, 0, 19, 0, 0, 0, 0, 0, 0, 0, 3, 22
"c:\Users\frontend_coder\Documents\projects\ai-job-seek-helper\app\careerforgeai\src\app\lib\pipes\loading.pipe.ts", "TypeScript", 0, 0, 16, 0, 0, 0, 0, 0, 0, 0, 2, 18
"c:\Users\frontend_coder\Documents\projects\ai-job-seek-helper\app\careerforgeai\src\app\lib\pipes\safe-html.pipe.ts", "TypeScript", 0, 0, 12, 0, 0, 0, 0, 0, 0, 0, 3, 15
"c:\Users\frontend_coder\Documents\projects\ai-job-seek-helper\app\careerforgeai\src\app\pages\application\add-job-modal\add-job-modal.html", "HTML", 0, 0, 0, 0, 0, 52, 0, 0, 0, 0, 6, 58
"c:\Users\frontend_coder\Documents\projects\ai-job-seek-helper\app\careerforgeai\src\app\pages\application\add-job-modal\add-job-modal.scss", "SCSS", 0, 0, 0, 117, 0, 0, 0, 0, 0, 0, 19, 136
"c:\Users\frontend_coder\Documents\projects\ai-job-seek-helper\app\careerforgeai\src\app\pages\application\add-job-modal\add-job-modal.spec.ts", "TypeScript", 0, 0, 18, 0, 0, 0, 0, 0, 0, 0, 6, 24
"c:\Users\frontend_coder\Documents\projects\ai-job-seek-helper\app\careerforgeai\src\app\pages\application\add-job-modal\add-job-modal.ts", "TypeScript", 0, 0, 31, 0, 0, 0, 0, 0, 0, 1, 7, 39
"c:\Users\frontend_coder\Documents\projects\ai-job-seek-helper\app\careerforgeai\src\app\pages\application\application.html", "HTML", 0, 0, 0, 0, 0, 17, 0, 0, 0, 0, 1, 18
"c:\Users\frontend_coder\Documents\projects\ai-job-seek-helper\app\careerforgeai\src\app\pages\application\application.routes.ts", "TypeScript", 0, 0, 140, 0, 0, 0, 0, 0, 0, 0, 2, 142
"c:\Users\frontend_coder\Documents\projects\ai-job-seek-helper\app\careerforgeai\src\app\pages\application\application.scss", "SCSS", 0, 0, 0, 40, 0, 0, 0, 0, 0, 0, 6, 46
"c:\Users\frontend_coder\Documents\projects\ai-job-seek-helper\app\careerforgeai\src\app\pages\application\application.spec.ts", "TypeScript", 0, 0, 18, 0, 0, 0, 0, 0, 0, 0, 6, 24
"c:\Users\frontend_coder\Documents\projects\ai-job-seek-helper\app\careerforgeai\src\app\pages\application\application.ts", "TypeScript", 0, 0, 23, 0, 0, 0, 0, 0, 0, 0, 4, 27
"c:\Users\frontend_coder\Documents\projects\ai-job-seek-helper\app\careerforgeai\src\app\pages\application\cover-letter\cover-letter.html", "HTML", 0, 0, 0, 0, 0, 63, 0, 0, 0, 0, 6, 69
"c:\Users\frontend_coder\Documents\projects\ai-job-seek-helper\app\careerforgeai\src\app\pages\application\cover-letter\cover-letter.scss", "SCSS", 0, 0, 0, 96, 0, 0, 0, 0, 0, 0, 16, 112
"c:\Users\frontend_coder\Documents\projects\ai-job-seek-helper\app\careerforgeai\src\app\pages\application\cover-letter\cover-letter.spec.ts", "TypeScript", 0, 0, 18, 0, 0, 0, 0, 0, 0, 0, 6, 24
"c:\Users\frontend_coder\Documents\projects\ai-job-seek-helper\app\careerforgeai\src\app\pages\application\cover-letter\cover-letter.ts", "TypeScript", 0, 0, 74, 0, 0, 0, 0, 0, 0, 0, 13, 87
"c:\Users\frontend_coder\Documents\projects\ai-job-seek-helper\app\careerforgeai\src\app\pages\application\cover-letter\data\cover-letter.actions.ts", "TypeScript", 0, 0, 10, 0, 0, 0, 0, 0, 0, 0, 3, 13
"c:\Users\frontend_coder\Documents\projects\ai-job-seek-helper\app\careerforgeai\src\app\pages\application\cover-letter\data\cover-letter.effects.ts", "TypeScript", 0, 0, 55, 0, 0, 0, 0, 0, 0, 0, 5, 60
"c:\Users\frontend_coder\Documents\projects\ai-job-seek-helper\app\careerforgeai\src\app\pages\application\cover-letter\data\cover-letter.facade.ts", "TypeScript", 0, 0, 83, 0, 0, 0, 0, 0, 0, 0, 17, 100
"c:\Users\frontend_coder\Documents\projects\ai-job-seek-helper\app\careerforgeai\src\app\pages\application\cover-letter\data\cover-letter.reducer.ts", "TypeScript", 0, 0, 72, 0, 0, 0, 0, 0, 0, 2, 9, 83
"c:\Users\frontend_coder\Documents\projects\ai-job-seek-helper\app\careerforgeai\src\app\pages\application\cover-letter\data\cover-letter.selectors.ts", "TypeScript", 0, 0, 30, 0, 0, 0, 0, 0, 0, 0, 10, 40
"c:\Users\frontend_coder\Documents\projects\ai-job-seek-helper\app\careerforgeai\src\app\pages\application\dashboard\dashboard.html", "HTML", 0, 0, 0, 0, 0, 63, 0, 0, 0, 0, 1, 64
"c:\Users\frontend_coder\Documents\projects\ai-job-seek-helper\app\careerforgeai\src\app\pages\application\dashboard\dashboard.scss", "SCSS", 0, 0, 0, 158, 0, 0, 0, 0, 0, 0, 24, 182
"c:\Users\frontend_coder\Documents\projects\ai-job-seek-helper\app\careerforgeai\src\app\pages\application\dashboard\dashboard.spec.ts", "TypeScript", 0, 0, 18, 0, 0, 0, 0, 0, 0, 0, 6, 24
"c:\Users\frontend_coder\Documents\projects\ai-job-seek-helper\app\careerforgeai\src\app\pages\application\dashboard\dashboard.ts", "TypeScript", 0, 0, 45, 0, 0, 0, 0, 0, 0, 0, 4, 49
"c:\Users\frontend_coder\Documents\projects\ai-job-seek-helper\app\careerforgeai\src\app\pages\application\data\application-storage.facade.ts", "TypeScript", 0, 0, 14, 0, 0, 0, 0, 0, 0, 0, 4, 18
"c:\Users\frontend_coder\Documents\projects\ai-job-seek-helper\app\careerforgeai\src\app\pages\application\dir-name\dir-name.html", "HTML", 0, 0, 0, 0, 0, 8, 0, 0, 0, 0, 2, 10
"c:\Users\frontend_coder\Documents\projects\ai-job-seek-helper\app\careerforgeai\src\app\pages\application\dir-name\dir-name.scss", "SCSS", 0, 0, 0, 22, 0, 0, 0, 0, 0, 0, 3, 25
"c:\Users\frontend_coder\Documents\projects\ai-job-seek-helper\app\careerforgeai\src\app\pages\application\dir-name\dir-name.spec.ts", "TypeScript", 0, 0, 18, 0, 0, 0, 0, 0, 0, 0, 6, 24
"c:\Users\frontend_coder\Documents\projects\ai-job-seek-helper\app\careerforgeai\src\app\pages\application\dir-name\dir-name.ts", "TypeScript", 0, 0, 23, 0, 0, 0, 0, 0, 0, 0, 4, 27
"c:\Users\frontend_coder\Documents\projects\ai-job-seek-helper\app\careerforgeai\src\app\pages\application\interview-coach\interview-coach.html", "HTML", 0, 0, 0, 0, 0, 1, 0, 0, 0, 0, 1, 2
"c:\Users\frontend_coder\Documents\projects\ai-job-seek-helper\app\careerforgeai\src\app\pages\application\interview-coach\interview-coach.scss", "SCSS", 0, 0, 0, 0, 0, 0, 0, 0, 0, 0, 1, 1
"c:\Users\frontend_coder\Documents\projects\ai-job-seek-helper\app\careerforgeai\src\app\pages\application\interview-coach\interview-coach.spec.ts", "TypeScript", 0, 0, 18, 0, 0, 0, 0, 0, 0, 0, 6, 24
"c:\Users\frontend_coder\Documents\projects\ai-job-seek-helper\app\careerforgeai\src\app\pages\application\interview-coach\interview-coach.ts", "TypeScript", 0, 0, 9, 0, 0, 0, 0, 0, 0, 0, 3, 12
"c:\Users\frontend_coder\Documents\projects\ai-job-seek-helper\app\careerforgeai\src\app\pages\application\job-tracker\job-tracker.html", "HTML", 0, 0, 0, 0, 0, 170, 0, 0, 0, 1, 5, 176
"c:\Users\frontend_coder\Documents\projects\ai-job-seek-helper\app\careerforgeai\src\app\pages\application\job-tracker\job-tracker.scss", "SCSS", 0, 0, 0, 86, 0, 0, 0, 0, 0, 0, 9, 95
"c:\Users\frontend_coder\Documents\projects\ai-job-seek-helper\app\careerforgeai\src\app\pages\application\job-tracker\job-tracker.spec.ts", "TypeScript", 0, 0, 18, 0, 0, 0, 0, 0, 0, 0, 6, 24
"c:\Users\frontend_coder\Documents\projects\ai-job-seek-helper\app\careerforgeai\src\app\pages\application\job-tracker\job-tracker.ts", "TypeScript", 0, 0, 97, 0, 0, 0, 0, 0, 0, 9, 15, 121
"c:\Users\frontend_coder\Documents\projects\ai-job-seek-helper\app\careerforgeai\src\app\pages\application\linkedin\linkedin.html", "HTML", 0, 0, 0, 0, 0, 1, 0, 0, 0, 0, 1, 2
"c:\Users\frontend_coder\Documents\projects\ai-job-seek-helper\app\careerforgeai\src\app\pages\application\linkedin\linkedin.scss", "SCSS", 0, 0, 0, 8, 0, 0, 0, 0, 0, 0, 0, 8
"c:\Users\frontend_coder\Documents\projects\ai-job-seek-helper\app\careerforgeai\src\app\pages\application\linkedin\linkedin.spec.ts", "TypeScript", 0, 0, 18, 0, 0, 0, 0, 0, 0, 0, 6, 24
"c:\Users\frontend_coder\Documents\projects\ai-job-seek-helper\app\careerforgeai\src\app\pages\application\linkedin\linkedin.ts", "TypeScript", 0, 0, 9, 0, 0, 0, 0, 0, 0, 0, 3, 12
"c:\Users\frontend_coder\Documents\projects\ai-job-seek-helper\app\careerforgeai\src\app\pages\application\resumes\data\resumes.actions.ts", "TypeScript", 0, 0, 96, 0, 0, 0, 0, 0, 0, 0, 25, 121
"c:\Users\frontend_coder\Documents\projects\ai-job-seek-helper\app\careerforgeai\src\app\pages\application\resumes\data\resumes.effects.spec.ts", "TypeScript", 0, 0, 126, 0, 0, 0, 0, 0, 0, 0, 13, 139
"c:\Users\frontend_coder\Documents\projects\ai-job-seek-helper\app\careerforgeai\src\app\pages\application\resumes\data\resumes.effects.ts", "TypeScript", 0, 0, 113, 0, 0, 0, 0, 0, 0, 0, 9, 122
"c:\Users\frontend_coder\Documents\projects\ai-job-seek-helper\app\careerforgeai\src\app\pages\application\resumes\data\resumes.facade.ts", "TypeScript", 0, 0, 64, 0, 0, 0, 0, 0, 0, 0, 9, 73
"c:\Users\frontend_coder\Documents\projects\ai-job-seek-helper\app\careerforgeai\src\app\pages\application\resumes\data\resumes.reducer.ts", "TypeScript", 0, 0, 126, 0, 0, 0, 0, 0, 0, 2, 25, 153
"c:\Users\frontend_coder\Documents\projects\ai-job-seek-helper\app\careerforgeai\src\app\pages\application\resumes\data\resumes.selectors.ts", "TypeScript", 0, 0, 46, 0, 0, 0, 0, 0, 0, 0, 14, 60
"c:\Users\frontend_coder\Documents\projects\ai-job-seek-helper\app\careerforgeai\src\app\pages\application\resumes\resume-preview\resume-preview.html", "HTML", 0, 0, 0, 0, 0, 201, 0, 0, 0, 0, 15, 216
"c:\Users\frontend_coder\Documents\projects\ai-job-seek-helper\app\careerforgeai\src\app\pages\application\resumes\resume-preview\resume-preview.scss", "SCSS", 0, 0, 0, 251, 0, 0, 0, 0, 0, 0, 52, 303
"c:\Users\frontend_coder\Documents\projects\ai-job-seek-helper\app\careerforgeai\src\app\pages\application\resumes\resume-preview\resume-preview.ts", "TypeScript", 0, 0, 33, 0, 0, 0, 0, 0, 0, 0, 3, 36
"c:\Users\frontend_coder\Documents\projects\ai-job-seek-helper\app\careerforgeai\src\app\pages\application\resumes\resume-template-modal\resume-template-modal.html", "HTML", 0, 0, 0, 0, 0, 51, 0, 0, 0, 0, 3, 54
"c:\Users\frontend_coder\Documents\projects\ai-job-seek-helper\app\careerforgeai\src\app\pages\application\resumes\resume-template-modal\resume-template-modal.scss", "SCSS", 0, 0, 0, 157, 0, 0, 0, 0, 0, 0, 26, 183
"c:\Users\frontend_coder\Documents\projects\ai-job-seek-helper\app\careerforgeai\src\app\pages\application\resumes\resume-template-modal\resume-template-modal.ts", "TypeScript", 0, 0, 180, 0, 0, 0, 0, 0, 0, 0, 22, 202
"c:\Users\frontend_coder\Documents\projects\ai-job-seek-helper\app\careerforgeai\src\app\pages\application\resumes\resumes-create\resumes-create.html", "HTML", 0, 0, 0, 0, 0, 344, 0, 0, 0, 8, 19, 371
"c:\Users\frontend_coder\Documents\projects\ai-job-seek-helper\app\careerforgeai\src\app\pages\application\resumes\resumes-create\resumes-create.scss", "SCSS", 0, 0, 0, 431, 0, 0, 0, 0, 0, 0, 46, 477
"c:\Users\frontend_coder\Documents\projects\ai-job-seek-helper\app\careerforgeai\src\app\pages\application\resumes\resumes-create\resumes-create.spec.ts", "TypeScript", 0, 0, 45, 0, 0, 0, 0, 0, 0, 0, 12, 57
"c:\Users\frontend_coder\Documents\projects\ai-job-seek-helper\app\careerforgeai\src\app\pages\application\resumes\resumes-create\resumes-create.ts", "TypeScript", 0, 0, 636, 0, 0, 0, 0, 0, 0, 1, 91, 728
"c:\Users\frontend_coder\Documents\projects\ai-job-seek-helper\app\careerforgeai\src\app\pages\application\resumes\resumes-edit\resumes-edit.html", "HTML", 0, 0, 0, 0, 0, 13, 0, 0, 0, 0, 2, 15
"c:\Users\frontend_coder\Documents\projects\ai-job-seek-helper\app\careerforgeai\src\app\pages\application\resumes\resumes-edit\resumes-edit.scss", "SCSS", 0, 0, 0, 3, 0, 0, 0, 0, 0, 0, 2, 5
"c:\Users\frontend_coder\Documents\projects\ai-job-seek-helper\app\careerforgeai\src\app\pages\application\resumes\resumes-edit\resumes-edit.spec.ts", "TypeScript", 0, 0, 56, 0, 0, 0, 0, 0, 0, 0, 9, 65
"c:\Users\frontend_coder\Documents\projects\ai-job-seek-helper\app\careerforgeai\src\app\pages\application\resumes\resumes-edit\resumes-edit.ts", "TypeScript", 0, 0, 41, 0, 0, 0, 0, 0, 0, 0, 6, 47
"c:\Users\frontend_coder\Documents\projects\ai-job-seek-helper\app\careerforgeai\src\app\pages\application\resumes\resumes-list\resume-card\resume-card.html", "HTML", 0, 0, 0, 0, 0, 16, 0, 0, 0, 0, 1, 17
"c:\Users\frontend_coder\Documents\projects\ai-job-seek-helper\app\careerforgeai\src\app\pages\application\resumes\resumes-list\resume-card\resume-card.scss", "SCSS", 0, 0, 0, 111, 0, 0, 0, 0, 0, 0, 18, 129
"c:\Users\frontend_coder\Documents\projects\ai-job-seek-helper\app\careerforgeai\src\app\pages\application\resumes\resumes-list\resume-card\resume-card.spec.ts", "TypeScript", 0, 0, 18, 0, 0, 0, 0, 0, 0, 0, 6, 24
"c:\Users\frontend_coder\Documents\projects\ai-job-seek-helper\app\careerforgeai\src\app\pages\application\resumes\resumes-list\resume-card\resume-card.ts", "TypeScript", 0, 0, 18, 0, 0, 0, 0, 0, 0, 0, 4, 22
"c:\Users\frontend_coder\Documents\projects\ai-job-seek-helper\app\careerforgeai\src\app\pages\application\resumes\resumes-list\resumes-list.html", "HTML", 0, 0, 0, 0, 0, 30, 0, 0, 0, 0, 1, 31
"c:\Users\frontend_coder\Documents\projects\ai-job-seek-helper\app\careerforgeai\src\app\pages\application\resumes\resumes-list\resumes-list.scss", "SCSS", 0, 0, 0, 35, 0, 0, 0, 0, 0, 0, 6, 41
"c:\Users\frontend_coder\Documents\projects\ai-job-seek-helper\app\careerforgeai\src\app\pages\application\resumes\resumes-list\resumes-list.spec.ts", "TypeScript", 0, 0, 18, 0, 0, 0, 0, 0, 0, 0, 6, 24
"c:\Users\frontend_coder\Documents\projects\ai-job-seek-helper\app\careerforgeai\src\app\pages\application\resumes\resumes-list\resumes-list.ts", "TypeScript", 0, 0, 34, 0, 0, 0, 0, 0, 0, 0, 7, 41
"c:\Users\frontend_coder\Documents\projects\ai-job-seek-helper\app\careerforgeai\src\app\pages\application\resumes\resumes-tailor\resumes-tailor.html", "HTML", 0, 0, 0, 0, 0, 61, 0, 0, 0, 0, 9, 70
"c:\Users\frontend_coder\Documents\projects\ai-job-seek-helper\app\careerforgeai\src\app\pages\application\resumes\resumes-tailor\resumes-tailor.scss", "SCSS", 0, 0, 0, 98, 0, 0, 0, 0, 0, 0, 19, 117
"c:\Users\frontend_coder\Documents\projects\ai-job-seek-helper\app\careerforgeai\src\app\pages\application\resumes\resumes-tailor\resumes-tailor.spec.ts", "TypeScript", 0, 0, 103, 0, 0, 0, 0, 0, 0, 0, 13, 116
"c:\Users\frontend_coder\Documents\projects\ai-job-seek-helper\app\careerforgeai\src\app\pages\application\resumes\resumes-tailor\resumes-tailor.ts", "TypeScript", 0, 0, 92, 0, 0, 0, 0, 0, 0, 0, 12, 104
"c:\Users\frontend_coder\Documents\projects\ai-job-seek-helper\app\careerforgeai\src\app\pages\application\resumes\resumes.html", "HTML", 0, 0, 0, 0, 0, 26, 0, 0, 0, 0, 3, 29
"c:\Users\frontend_coder\Documents\projects\ai-job-seek-helper\app\careerforgeai\src\app\pages\application\resumes\resumes.scss", "SCSS", 0, 0, 0, 3, 0, 0, 0, 0, 0, 0, 0, 3
"c:\Users\frontend_coder\Documents\projects\ai-job-seek-helper\app\careerforgeai\src\app\pages\application\resumes\resumes.spec.ts", "TypeScript", 0, 0, 18, 0, 0, 0, 0, 0, 0, 0, 6, 24
"c:\Users\frontend_coder\Documents\projects\ai-job-seek-helper\app\careerforgeai\src\app\pages\application\resumes\resumes.ts", "TypeScript", 0, 0, 86, 0, 0, 0, 0, 0, 0, 0, 14, 100
"c:\Users\frontend_coder\Documents\projects\ai-job-seek-helper\app\careerforgeai\src\app\pages\application\settings\settings.html", "HTML", 0, 0, 0, 0, 0, 39, 0, 0, 0, 0, 1, 40
"c:\Users\frontend_coder\Documents\projects\ai-job-seek-helper\app\careerforgeai\src\app\pages\application\settings\settings.scss", "SCSS", 0, 0, 0, 103, 0, 0, 0, 0, 0, 4, 16, 123
"c:\Users\frontend_coder\Documents\projects\ai-job-seek-helper\app\careerforgeai\src\app\pages\application\settings\settings.spec.ts", "TypeScript", 0, 0, 18, 0, 0, 0, 0, 0, 0, 0, 6, 24
"c:\Users\frontend_coder\Documents\projects\ai-job-seek-helper\app\careerforgeai\src\app\pages\application\settings\settings.ts", "TypeScript", 0, 0, 49, 0, 0, 0, 0, 0, 0, 0, 6, 55
"c:\Users\frontend_coder\Documents\projects\ai-job-seek-helper\app\careerforgeai\src\app\pages\application\sidebar\sidebar.html", "HTML", 0, 0, 0, 0, 0, 31, 0, 0, 0, 0, 1, 32
"c:\Users\frontend_coder\Documents\projects\ai-job-seek-helper\app\careerforgeai\src\app\pages\application\sidebar\sidebar.scss", "SCSS", 0, 0, 0, 177, 0, 0, 0, 0, 0, 0, 37, 214
"c:\Users\frontend_coder\Documents\projects\ai-job-seek-helper\app\careerforgeai\src\app\pages\application\sidebar\sidebar.spec.ts", "TypeScript", 0, 0, 18, 0, 0, 0, 0, 0, 0, 0, 6, 24
"c:\Users\frontend_coder\Documents\projects\ai-job-seek-helper\app\careerforgeai\src\app\pages\application\sidebar\sidebar.ts", "TypeScript", 0, 0, 41, 0, 0, 0, 0, 0, 0, 0, 7, 48
"c:\Users\frontend_coder\Documents\projects\ai-job-seek-helper\app\careerforgeai\src\app\pages\auth\data\auth.actions.ts", "TypeScript", 0, 0, 36, 0, 0, 0, 0, 0, 0, 0, 6, 42
"c:\Users\frontend_coder\Documents\projects\ai-job-seek-helper\app\careerforgeai\src\app\pages\auth\data\auth.effects.ts", "TypeScript", 0, 0, 97, 0, 0, 0, 0, 0, 0, 0, 8, 105
"c:\Users\frontend_coder\Documents\projects\ai-job-seek-helper\app\careerforgeai\src\app\pages\auth\data\auth.facade.ts", "TypeScript", 0, 0, 25, 0, 0, 0, 0, 0, 0, 0, 7, 32
"c:\Users\frontend_coder\Documents\projects\ai-job-seek-helper\app\careerforgeai\src\app\pages\auth\data\auth.reducer.ts", "TypeScript", 0, 0, 108, 0, 0, 0, 0, 0, 0, 0, 7, 115
"c:\Users\frontend_coder\Documents\projects\ai-job-seek-helper\app\careerforgeai\src\app\pages\auth\data\auth.selectors.ts", "TypeScript", 0, 0, 6, 0, 0, 0, 0, 0, 0, 0, 5, 11
"c:\Users\frontend_coder\Documents\projects\ai-job-seek-helper\app\careerforgeai\src\app\pages\auth\guards\auth.guard.ts", "TypeScript", 0, 0, 22, 0, 0, 0, 0, 0, 0, 3, 5, 30
"c:\Users\frontend_coder\Documents\projects\ai-job-seek-helper\app\careerforgeai\src\app\pages\auth\libs\firebase-auth-error.mapper.ts", "TypeScript", 0, 0, 20, 0, 0, 0, 0, 0, 0, 0, 1, 21
"c:\Users\frontend_coder\Documents\projects\ai-job-seek-helper\app\careerforgeai\src\app\pages\auth\login\login.html", "HTML", 0, 0, 0, 0, 0, 79, 0, 0, 0, 1, 8, 88
"c:\Users\frontend_coder\Documents\projects\ai-job-seek-helper\app\careerforgeai\src\app\pages\auth\login\login.scss", "SCSS", 0, 0, 0, 13, 0, 0, 0, 0, 0, 0, 2, 15
"c:\Users\frontend_coder\Documents\projects\ai-job-seek-helper\app\careerforgeai\src\app\pages\auth\login\login.spec.ts", "TypeScript", 0, 0, 18, 0, 0, 0, 0, 0, 0, 0, 6, 24
"c:\Users\frontend_coder\Documents\projects\ai-job-seek-helper\app\careerforgeai\src\app\pages\auth\login\login.ts", "TypeScript", 0, 0, 60, 0, 0, 0, 0, 0, 0, 0, 4, 64
"c:\Users\frontend_coder\Documents\projects\ai-job-seek-helper\app\careerforgeai\src\app\pages\auth\signup\signup.html", "HTML", 0, 0, 0, 0, 0, 94, 0, 0, 0, 0, 8, 102
"c:\Users\frontend_coder\Documents\projects\ai-job-seek-helper\app\careerforgeai\src\app\pages\auth\signup\signup.scss", "SCSS", 0, 0, 0, 3, 0, 0, 0, 0, 0, 0, 1, 4
"c:\Users\frontend_coder\Documents\projects\ai-job-seek-helper\app\careerforgeai\src\app\pages\auth\signup\signup.spec.ts", "TypeScript", 0, 0, 18, 0, 0, 0, 0, 0, 0, 0, 6, 24
"c:\Users\frontend_coder\Documents\projects\ai-job-seek-helper\app\careerforgeai\src\app\pages\auth\signup\signup.ts", "TypeScript", 0, 0, 55, 0, 0, 0, 0, 0, 0, 0, 6, 61
"c:\Users\frontend_coder\Documents\projects\ai-job-seek-helper\app\careerforgeai\src\app\pages\buttons\create-list-resume-switch\create-list-resume-switch.html", "HTML", 0, 0, 0, 0, 0, 20, 0, 0, 0, 0, 3, 23
"c:\Users\frontend_coder\Documents\projects\ai-job-seek-helper\app\careerforgeai\src\app\pages\buttons\create-list-resume-switch\create-list-resume-switch.scss", "SCSS", 0, 0, 0, 52, 0, 0, 0, 0, 0, 0, 7, 59
"c:\Users\frontend_coder\Documents\projects\ai-job-seek-helper\app\careerforgeai\src\app\pages\buttons\create-list-resume-switch\create-list-resume-switch.spec.ts", "TypeScript", 0, 0, 18, 0, 0, 0, 0, 0, 0, 0, 6, 24
"c:\Users\frontend_coder\Documents\projects\ai-job-seek-helper\app\careerforgeai\src\app\pages\buttons\create-list-resume-switch\create-list-resume-switch.ts", "TypeScript", 0, 0, 15, 0, 0, 0, 0, 0, 0, 0, 4, 19
"c:\Users\frontend_coder\Documents\projects\ai-job-seek-helper\app\careerforgeai\src\app\pages\buttons\generate-btn\generate-btn.html", "HTML", 0, 0, 0, 0, 0, 10, 0, 0, 0, 0, 1, 11
"c:\Users\frontend_coder\Documents\projects\ai-job-seek-helper\app\careerforgeai\src\app\pages\buttons\generate-btn\generate-btn.scss", "SCSS", 0, 0, 0, 49, 0, 0, 0, 0, 0, 0, 7, 56
"c:\Users\frontend_coder\Documents\projects\ai-job-seek-helper\app\careerforgeai\src\app\pages\buttons\generate-btn\generate-btn.spec.ts", "TypeScript", 0, 0, 18, 0, 0, 0, 0, 0, 0, 0, 6, 24
"c:\Users\frontend_coder\Documents\projects\ai-job-seek-helper\app\careerforgeai\src\app\pages\buttons\generate-btn\generate-btn.ts", "TypeScript", 0, 0, 28, 0, 0, 0, 0, 0, 0, 0, 5, 33
"c:\Users\frontend_coder\Documents\projects\ai-job-seek-helper\app\careerforgeai\src\app\pages\buttons\tone-choose\tone-choose.html", "HTML", 0, 0, 0, 0, 0, 8, 0, 0, 0, 0, 0, 8
"c:\Users\frontend_coder\Documents\projects\ai-job-seek-helper\app\careerforgeai\src\app\pages\buttons\tone-choose\tone-choose.scss", "SCSS", 0, 0, 0, 0, 0, 0, 0, 0, 0, 0, 1, 1
"c:\Users\frontend_coder\Documents\projects\ai-job-seek-helper\app\careerforgeai\src\app\pages\buttons\tone-choose\tone-choose.spec.ts", "TypeScript", 0, 0, 18, 0, 0, 0, 0, 0, 0, 0, 6, 24
"c:\Users\frontend_coder\Documents\projects\ai-job-seek-helper\app\careerforgeai\src\app\pages\buttons\tone-choose\tone-choose.ts", "TypeScript", 0, 0, 21, 0, 0, 0, 0, 0, 0, 0, 4, 25
"c:\Users\frontend_coder\Documents\projects\ai-job-seek-helper\app\careerforgeai\src\app\pages\landing\about\about.html", "HTML", 0, 0, 0, 0, 0, 36, 0, 0, 0, 2, 4, 42
"c:\Users\frontend_coder\Documents\projects\ai-job-seek-helper\app\careerforgeai\src\app\pages\landing\about\about.scss", "SCSS", 0, 0, 0, 105, 0, 0, 0, 0, 0, 2, 13, 120
"c:\Users\frontend_coder\Documents\projects\ai-job-seek-helper\app\careerforgeai\src\app\pages\landing\about\about.spec.ts", "TypeScript", 0, 0, 20, 0, 0, 0, 0, 0, 0, 0, 6, 26
"c:\Users\frontend_coder\Documents\projects\ai-job-seek-helper\app\careerforgeai\src\app\pages\landing\about\about.ts", "TypeScript", 0, 0, 34, 0, 0, 0, 0, 0, 0, 0, 4, 38
"c:\Users\frontend_coder\Documents\projects\ai-job-seek-helper\app\careerforgeai\src\app\pages\landing\contact\contact.html", "HTML", 0, 0, 0, 0, 0, 62, 0, 0, 0, 0, 1, 63
"c:\Users\frontend_coder\Documents\projects\ai-job-seek-helper\app\careerforgeai\src\app\pages\landing\contact\contact.scss", "SCSS", 0, 0, 0, 85, 0, 0, 0, 0, 0, 5, 14, 104
"c:\Users\frontend_coder\Documents\projects\ai-job-seek-helper\app\careerforgeai\src\app\pages\landing\contact\contact.spec.ts", "TypeScript", 0, 0, 18, 0, 0, 0, 0, 0, 0, 0, 6, 24
"c:\Users\frontend_coder\Documents\projects\ai-job-seek-helper\app\careerforgeai\src\app\pages\landing\contact\contact.ts", "TypeScript", 0, 0, 66, 0, 0, 0, 0, 0, 0, 0, 9, 75
"c:\Users\frontend_coder\Documents\projects\ai-job-seek-helper\app\careerforgeai\src\app\pages\landing\data\landing.facade.ts", "TypeScript", 0, 0, 11, 0, 0, 0, 0, 0, 0, 0, 3, 14
"c:\Users\frontend_coder\Documents\projects\ai-job-seek-helper\app\careerforgeai\src\app\pages\landing\faq\faq.html", "HTML", 0, 0, 0, 0, 0, 12, 0, 0, 0, 0, 0, 12
"c:\Users\frontend_coder\Documents\projects\ai-job-seek-helper\app\careerforgeai\src\app\pages\landing\faq\faq.interface.ts", "TypeScript", 0, 0, 4, 0, 0, 0, 0, 0, 0, 0, 1, 5
"c:\Users\frontend_coder\Documents\projects\ai-job-seek-helper\app\careerforgeai\src\app\pages\landing\faq\faq.scss", "SCSS", 0, 0, 0, 19, 0, 0, 0, 0, 0, 0, 4, 23
"c:\Users\frontend_coder\Documents\projects\ai-job-seek-helper\app\careerforgeai\src\app\pages\landing\faq\faq.spec.ts", "TypeScript", 0, 0, 18, 0, 0, 0, 0, 0, 0, 0, 6, 24
"c:\Users\frontend_coder\Documents\projects\ai-job-seek-helper\app\careerforgeai\src\app\pages\landing\faq\faq.ts", "TypeScript", 0, 0, 33, 0, 0, 0, 0, 0, 0, 0, 2, 35
"c:\Users\frontend_coder\Documents\projects\ai-job-seek-helper\app\careerforgeai\src\app\pages\landing\faq\qa-item\qa-item.html", "HTML", 0, 0, 0, 0, 0, 8, 0, 0, 0, 0, 2, 10
"c:\Users\frontend_coder\Documents\projects\ai-job-seek-helper\app\careerforgeai\src\app\pages\landing\faq\qa-item\qa-item.scss", "SCSS", 0, 0, 0, 30, 0, 0, 0, 0, 0, 0, 5, 35
"c:\Users\frontend_coder\Documents\projects\ai-job-seek-helper\app\careerforgeai\src\app\pages\landing\faq\qa-item\qa-item.spec.ts", "TypeScript", 0, 0, 18, 0, 0, 0, 0, 0, 0, 0, 6, 24
"c:\Users\frontend_coder\Documents\projects\ai-job-seek-helper\app\careerforgeai\src\app\pages\landing\faq\qa-item\qa-item.ts", "TypeScript", 0, 0, 14, 0, 0, 0, 0, 0, 0, 0, 2, 16
"c:\Users\frontend_coder\Documents\projects\ai-job-seek-helper\app\careerforgeai\src\app\pages\landing\features\features.html", "HTML", 0, 0, 0, 0, 0, 27, 0, 0, 0, 0, 2, 29
"c:\Users\frontend_coder\Documents\projects\ai-job-seek-helper\app\careerforgeai\src\app\pages\landing\features\features.scss", "SCSS", 0, 0, 0, 76, 0, 0, 0, 0, 0, 0, 11, 87
"c:\Users\frontend_coder\Documents\projects\ai-job-seek-helper\app\careerforgeai\src\app\pages\landing\features\features.spec.ts", "TypeScript", 0, 0, 20, 0, 0, 0, 0, 0, 0, 0, 6, 26
"c:\Users\frontend_coder\Documents\projects\ai-job-seek-helper\app\careerforgeai\src\app\pages\landing\features\features.ts", "TypeScript", 0, 0, 49, 0, 0, 0, 0, 0, 0, 0, 4, 53
"c:\Users\frontend_coder\Documents\projects\ai-job-seek-helper\app\careerforgeai\src\app\pages\landing\footer\footer.html", "HTML", 0, 0, 0, 0, 0, 10, 0, 0, 0, 0, 1, 11
"c:\Users\frontend_coder\Documents\projects\ai-job-seek-helper\app\careerforgeai\src\app\pages\landing\footer\footer.scss", "SCSS", 0, 0, 0, 20, 0, 0, 0, 0, 0, 0, 5, 25
"c:\Users\frontend_coder\Documents\projects\ai-job-seek-helper\app\careerforgeai\src\app\pages\landing\footer\footer.spec.ts", "TypeScript", 0, 0, 18, 0, 0, 0, 0, 0, 0, 0, 6, 24
"c:\Users\frontend_coder\Documents\projects\ai-job-seek-helper\app\careerforgeai\src\app\pages\landing\footer\footer.ts", "TypeScript", 0, 0, 10, 0, 0, 0, 0, 0, 0, 0, 3, 13
"c:\Users\frontend_coder\Documents\projects\ai-job-seek-helper\app\careerforgeai\src\app\pages\landing\header\header.html", "HTML", 0, 0, 0, 0, 0, 128, 0, 0, 0, 7, 6, 141
"c:\Users\frontend_coder\Documents\projects\ai-job-seek-helper\app\careerforgeai\src\app\pages\landing\header\header.scss", "SCSS", 0, 0, 0, 266, 0, 0, 0, 0, 0, 0, 36, 302
"c:\Users\frontend_coder\Documents\projects\ai-job-seek-helper\app\careerforgeai\src\app\pages\landing\header\header.spec.ts", "TypeScript", 0, 0, 18, 0, 0, 0, 0, 0, 0, 0, 6, 24
"c:\Users\frontend_coder\Documents\projects\ai-job-seek-helper\app\careerforgeai\src\app\pages\landing\header\header.ts", "TypeScript", 0, 0, 74, 0, 0, 0, 0, 0, 0, 0, 16, 90
"c:\Users\frontend_coder\Documents\projects\ai-job-seek-helper\app\careerforgeai\src\app\pages\landing\hero\hero.html", "HTML", 0, 0, 0, 0, 0, 33, 0, 0, 0, 0, 5, 38
"c:\Users\frontend_coder\Documents\projects\ai-job-seek-helper\app\careerforgeai\src\app\pages\landing\hero\hero.scss", "SCSS", 0, 0, 0, 219, 0, 0, 0, 0, 0, 0, 29, 248
"c:\Users\frontend_coder\Documents\projects\ai-job-seek-helper\app\careerforgeai\src\app\pages\landing\hero\hero.spec.ts", "TypeScript", 0, 0, 20, 0, 0, 0, 0, 0, 0, 0, 6, 26
"c:\Users\frontend_coder\Documents\projects\ai-job-seek-helper\app\careerforgeai\src\app\pages\landing\hero\hero.ts", "TypeScript", 0, 0, 15, 0, 0, 0, 0, 0, 0, 0, 3, 18
"c:\Users\frontend_coder\Documents\projects\ai-job-seek-helper\app\careerforgeai\src\app\pages\landing\landing-cta\landing-cta.html", "HTML", 0, 0, 0, 0, 0, 19, 0, 0, 0, 0, 2, 21
"c:\Users\frontend_coder\Documents\projects\ai-job-seek-helper\app\careerforgeai\src\app\pages\landing\landing-cta\landing-cta.scss", "SCSS", 0, 0, 0, 50, 0, 0, 0, 0, 0, 0, 8, 58
"c:\Users\frontend_coder\Documents\projects\ai-job-seek-helper\app\careerforgeai\src\app\pages\landing\landing-cta\landing-cta.spec.ts", "TypeScript", 0, 0, 51, 0, 0, 0, 0, 0, 0, 0, 14, 65
"c:\Users\frontend_coder\Documents\projects\ai-job-seek-helper\app\careerforgeai\src\app\pages\landing\landing-cta\landing-cta.ts", "TypeScript", 0, 0, 15, 0, 0, 0, 0, 0, 0, 0, 2, 17
"c:\Users\frontend_coder\Documents\projects\ai-job-seek-helper\app\careerforgeai\src\app\pages\landing\landing.html", "HTML", 0, 0, 0, 0, 0, 10, 0, 0, 0, 1, 1, 12
"c:\Users\frontend_coder\Documents\projects\ai-job-seek-helper\app\careerforgeai\src\app\pages\landing\landing.scss", "SCSS", 0, 0, 0, 65, 0, 0, 0, 0, 0, 2, 12, 79
"c:\Users\frontend_coder\Documents\projects\ai-job-seek-helper\app\careerforgeai\src\app\pages\landing\landing.spec.ts", "TypeScript", 0, 0, 18, 0, 0, 0, 0, 0, 0, 0, 6, 24
"c:\Users\frontend_coder\Documents\projects\ai-job-seek-helper\app\careerforgeai\src\app\pages\landing\landing.ts", "TypeScript", 0, 0, 77, 0, 0, 0, 0, 0, 0, 0, 10, 87
"c:\Users\frontend_coder\Documents\projects\ai-job-seek-helper\app\careerforgeai\src\app\pages\landing\legal\privacy-policy\privacy-policy.html", "HTML", 0, 0, 0, 0, 0, 64, 0, 0, 0, 0, 11, 75
"c:\Users\frontend_coder\Documents\projects\ai-job-seek-helper\app\careerforgeai\src\app\pages\landing\legal\privacy-policy\privacy-policy.scss", "SCSS", 0, 0, 0, 54, 0, 0, 0, 0, 0, 0, 12, 66
"c:\Users\frontend_coder\Documents\projects\ai-job-seek-helper\app\careerforgeai\src\app\pages\landing\legal\privacy-policy\privacy-policy.ts", "TypeScript", 0, 0, 9, 0, 0, 0, 0, 0, 0, 0, 2, 11
"c:\Users\frontend_coder\Documents\projects\ai-job-seek-helper\app\careerforgeai\src\app\pages\landing\legal\terms-of-service\terms-of-service.html", "HTML", 0, 0, 0, 0, 0, 61, 0, 0, 0, 0, 12, 73
"c:\Users\frontend_coder\Documents\projects\ai-job-seek-helper\app\careerforgeai\src\app\pages\landing\legal\terms-of-service\terms-of-service.scss", "SCSS", 0, 0, 0, 54, 0, 0, 0, 0, 0, 0, 12, 66
"c:\Users\frontend_coder\Documents\projects\ai-job-seek-helper\app\careerforgeai\src\app\pages\landing\legal\terms-of-service\terms-of-service.ts", "TypeScript", 0, 0, 9, 0, 0, 0, 0, 0, 0, 0, 2, 11
"c:\Users\frontend_coder\Documents\projects\ai-job-seek-helper\app\careerforgeai\src\app\pages\landing\pricing-plans\checkouts\checkouts.html", "HTML", 0, 0, 0, 0, 0, 1, 0, 0, 0, 0, 1, 2
"c:\Users\frontend_coder\Documents\projects\ai-job-seek-helper\app\careerforgeai\src\app\pages\landing\pricing-plans\checkouts\checkouts.routes.ts", "TypeScript", 0, 0, 35, 0, 0, 0, 0, 0, 0, 0, 5, 40
"c:\Users\frontend_coder\Documents\projects\ai-job-seek-helper\app\careerforgeai\src\app\pages\landing\pricing-plans\checkouts\checkouts.scss", "SCSS", 0, 0, 0, 0, 0, 0, 0, 0, 0, 0, 1, 1
"c:\Users\frontend_coder\Documents\projects\ai-job-seek-helper\app\careerforgeai\src\app\pages\landing\pricing-plans\checkouts\checkouts.spec.ts", "TypeScript", 0, 0, 18, 0, 0, 0, 0, 0, 0, 0, 6, 24
"c:\Users\frontend_coder\Documents\projects\ai-job-seek-helper\app\careerforgeai\src\app\pages\landing\pricing-plans\checkouts\checkouts.ts", "TypeScript", 0, 0, 9, 0, 0, 0, 0, 0, 0, 0, 2, 11
"c:\Users\frontend_coder\Documents\projects\ai-job-seek-helper\app\careerforgeai\src\app\pages\landing\pricing-plans\checkouts\failure\failure.html", "HTML", 0, 0, 0, 0, 0, 1, 0, 0, 0, 0, 1, 2
"c:\Users\frontend_coder\Documents\projects\ai-job-seek-helper\app\careerforgeai\src\app\pages\landing\pricing-plans\checkouts\failure\failure.scss", "SCSS", 0, 0, 0, 0, 0, 0, 0, 0, 0, 0, 1, 1
"c:\Users\frontend_coder\Documents\projects\ai-job-seek-helper\app\careerforgeai\src\app\pages\landing\pricing-plans\checkouts\failure\failure.spec.ts", "TypeScript", 0, 0, 18, 0, 0, 0, 0, 0, 0, 0, 6, 24
"c:\Users\frontend_coder\Documents\projects\ai-job-seek-helper\app\careerforgeai\src\app\pages\landing\pricing-plans\checkouts\failure\failure.ts", "TypeScript", 0, 0, 9, 0, 0, 0, 0, 0, 0, 0, 3, 12
"c:\Users\frontend_coder\Documents\projects\ai-job-seek-helper\app\careerforgeai\src\app\pages\landing\pricing-plans\checkouts\success\success.html", "HTML", 0, 0, 0, 0, 0, 14, 0, 0, 0, 0, 1, 15
"c:\Users\frontend_coder\Documents\projects\ai-job-seek-helper\app\careerforgeai\src\app\pages\landing\pricing-plans\checkouts\success\success.scss", "SCSS", 0, 0, 0, 11, 0, 0, 0, 0, 0, 0, 2, 13
"c:\Users\frontend_coder\Documents\projects\ai-job-seek-helper\app\careerforgeai\src\app\pages\landing\pricing-plans\checkouts\success\success.spec.ts", "TypeScript", 0, 0, 36, 0, 0, 0, 0, 0, 0, 0, 6, 42
"c:\Users\frontend_coder\Documents\projects\ai-job-seek-helper\app\careerforgeai\src\app\pages\landing\pricing-plans\checkouts\success\success.ts", "TypeScript", 0, 0, 28, 0, 0, 0, 0, 0, 0, 0, 4, 32
"c:\Users\frontend_coder\Documents\projects\ai-job-seek-helper\app\careerforgeai\src\app\pages\landing\pricing-plans\data\billing.actions.ts", "TypeScript", 0, 0, 15, 0, 0, 0, 0, 0, 0, 0, 6, 21
"c:\Users\frontend_coder\Documents\projects\ai-job-seek-helper\app\careerforgeai\src\app\pages\landing\pricing-plans\data\billing.effects.ts", "TypeScript", 0, 0, 56, 0, 0, 0, 0, 0, 0, 0, 6, 62
"c:\Users\frontend_coder\Documents\projects\ai-job-seek-helper\app\careerforgeai\src\app\pages\landing\pricing-plans\data\billing.facade.ts", "TypeScript", 0, 0, 19, 0, 0, 0, 0, 0, 0, 0, 5, 24
"c:\Users\frontend_coder\Documents\projects\ai-job-seek-helper\app\careerforgeai\src\app\pages\landing\pricing-plans\data\billing.reducer.ts", "TypeScript", 0, 0, 49, 0, 0, 0, 0, 0, 0, 0, 5, 54
"c:\Users\frontend_coder\Documents\projects\ai-job-seek-helper\app\careerforgeai\src\app\pages\landing\pricing-plans\data\billing.selectors.ts", "TypeScript", 0, 0, 6, 0, 0, 0, 0, 0, 0, 0, 3, 9
"c:\Users\frontend_coder\Documents\projects\ai-job-seek-helper\app\careerforgeai\src\app\pages\landing\pricing-plans\data\plan-config.ts", "TypeScript", 0, 0, 21, 0, 0, 0, 0, 0, 0, 0, 4, 25
"c:\Users\frontend_coder\Documents\projects\ai-job-seek-helper\app\careerforgeai\src\app\pages\landing\pricing-plans\pricing-card\pricing-card.html", "HTML", 0, 0, 0, 0, 0, 32, 0, 0, 0, 0, 5, 37
"c:\Users\frontend_coder\Documents\projects\ai-job-seek-helper\app\careerforgeai\src\app\pages\landing\pricing-plans\pricing-card\pricing-card.scss", "SCSS", 0, 0, 0, 104, 0, 0, 0, 0, 0, 0, 18, 122
"c:\Users\frontend_coder\Documents\projects\ai-job-seek-helper\app\careerforgeai\src\app\pages\landing\pricing-plans\pricing-card\pricing-card.spec.ts", "TypeScript", 0, 0, 68, 0, 0, 0, 0, 0, 0, 0, 19, 87
"c:\Users\frontend_coder\Documents\projects\ai-job-seek-helper\app\careerforgeai\src\app\pages\landing\pricing-plans\pricing-card\pricing-card.ts", "TypeScript", 0, 0, 34, 0, 0, 0, 0, 0, 0, 0, 6, 40
"c:\Users\frontend_coder\Documents\projects\ai-job-seek-helper\app\careerforgeai\src\app\pages\landing\pricing-plans\pricing-plans.html", "HTML", 0, 0, 0, 0, 0, 28, 0, 0, 0, 0, 2, 30
"c:\Users\frontend_coder\Documents\projects\ai-job-seek-helper\app\careerforgeai\src\app\pages\landing\pricing-plans\pricing-plans.scss", "SCSS", 0, 0, 0, 30, 0, 0, 0, 0, 0, 0, 5, 35
"c:\Users\frontend_coder\Documents\projects\ai-job-seek-helper\app\careerforgeai\src\app\pages\landing\pricing-plans\pricing-plans.spec.ts", "TypeScript", 0, 0, 30, 0, 0, 0, 0, 0, 0, 0, 7, 37
"c:\Users\frontend_coder\Documents\projects\ai-job-seek-helper\app\careerforgeai\src\app\pages\landing\pricing-plans\pricing-plans.ts", "TypeScript", 0, 0, 145, 0, 0, 0, 0, 0, 0, 0, 11, 156
"c:\Users\frontend_coder\Documents\projects\ai-job-seek-helper\app\careerforgeai\src\app\pages\landing\simple-steps\simple-steps.html", "HTML", 0, 0, 0, 0, 0, 20, 0, 0, 0, 0, 1, 21
"c:\Users\frontend_coder\Documents\projects\ai-job-seek-helper\app\careerforgeai\src\app\pages\landing\simple-steps\simple-steps.scss", "SCSS", 0, 0, 0, 44, 0, 0, 0, 0, 0, 0, 10, 54
"c:\Users\frontend_coder\Documents\projects\ai-job-seek-helper\app\careerforgeai\src\app\pages\landing\simple-steps\simple-steps.spec.ts", "TypeScript", 0, 0, 18, 0, 0, 0, 0, 0, 0, 0, 6, 24
"c:\Users\frontend_coder\Documents\projects\ai-job-seek-helper\app\careerforgeai\src\app\pages\landing\simple-steps\simple-steps.ts", "TypeScript", 0, 0, 34, 0, 0, 0, 0, 0, 0, 0, 2, 36
"c:\Users\frontend_coder\Documents\projects\ai-job-seek-helper\app\careerforgeai\src\app\pages\landing\simple-steps\step\step.html", "HTML", 0, 0, 0, 0, 0, 15, 0, 0, 0, 0, 1, 16
"c:\Users\frontend_coder\Documents\projects\ai-job-seek-helper\app\careerforgeai\src\app\pages\landing\simple-steps\step\step.scss", "SCSS", 0, 0, 0, 67, 0, 0, 0, 0, 0, 0, 9, 76
"c:\Users\frontend_coder\Documents\projects\ai-job-seek-helper\app\careerforgeai\src\app\pages\landing\simple-steps\step\step.spec.ts", "TypeScript", 0, 0, 18, 0, 0, 0, 0, 0, 0, 0, 6, 24
"c:\Users\frontend_coder\Documents\projects\ai-job-seek-helper\app\careerforgeai\src\app\pages\landing\simple-steps\step\step.ts", "TypeScript", 0, 0, 16, 0, 0, 0, 0, 0, 0, 0, 2, 18
"c:\Users\frontend_coder\Documents\projects\ai-job-seek-helper\app\careerforgeai\src\app\pages\logos\logo-short\logo-short.html", "HTML", 0, 0, 0, 0, 0, 3, 0, 0, 0, 0, 1, 4
"c:\Users\frontend_coder\Documents\projects\ai-job-seek-helper\app\careerforgeai\src\app\pages\logos\logo-short\logo-short.scss", "SCSS", 0, 0, 0, 16, 0, 0, 0, 0, 0, 0, 3, 19
"c:\Users\frontend_coder\Documents\projects\ai-job-seek-helper\app\careerforgeai\src\app\pages\logos\logo-short\logo-short.spec.ts", "TypeScript", 0, 0, 18, 0, 0, 0, 0, 0, 0, 0, 6, 24
"c:\Users\frontend_coder\Documents\projects\ai-job-seek-helper\app\careerforgeai\src\app\pages\logos\logo-short\logo-short.ts", "TypeScript", 0, 0, 10, 0, 0, 0, 0, 0, 0, 0, 3, 13
"c:\Users\frontend_coder\Documents\projects\ai-job-seek-helper\app\careerforgeai\src\app\pages\logos\logo\logo.html", "HTML", 0, 0, 0, 0, 0, 6, 0, 0, 0, 0, 1, 7
"c:\Users\frontend_coder\Documents\projects\ai-job-seek-helper\app\careerforgeai\src\app\pages\logos\logo\logo.scss", "SCSS", 0, 0, 0, 20, 0, 0, 0, 0, 0, 0, 4, 24
"c:\Users\frontend_coder\Documents\projects\ai-job-seek-helper\app\careerforgeai\src\app\pages\logos\logo\logo.spec.ts", "TypeScript", 0, 0, 18, 0, 0, 0, 0, 0, 0, 0, 6, 24
"c:\Users\frontend_coder\Documents\projects\ai-job-seek-helper\app\careerforgeai\src\app\pages\logos\logo\logo.ts", "TypeScript", 0, 0, 10, 0, 0, 0, 0, 0, 0, 0, 3, 13
"c:\Users\frontend_coder\Documents\projects\ai-job-seek-helper\app\careerforgeai\src\app\testing\spec-providers.ts", "TypeScript", 0, 0, 50, 0, 0, 0, 0, 0, 0, 0, 2, 52
"c:\Users\frontend_coder\Documents\projects\ai-job-seek-helper\app\careerforgeai\src\index.html", "HTML", 0, 0, 0, 0, 0, 60, 0, 0, 0, 0, 5, 65
"c:\Users\frontend_coder\Documents\projects\ai-job-seek-helper\app\careerforgeai\src\main.server.ts", "TypeScript", 0, 0, 6, 0, 0, 0, 0, 0, 0, 0, 3, 9
"c:\Users\frontend_coder\Documents\projects\ai-job-seek-helper\app\careerforgeai\src\main.ts", "TypeScript", 0, 0, 6, 0, 0, 0, 0, 0, 0, 0, 2, 8
"c:\Users\frontend_coder\Documents\projects\ai-job-seek-helper\app\careerforgeai\src\server.ts", "TypeScript", 0, 0, 36, 0, 0, 0, 0, 0, 0, 24, 9, 69
"c:\Users\frontend_coder\Documents\projects\ai-job-seek-helper\app\careerforgeai\src\styles.scss", "SCSS", 0, 0, 0, 640, 0, 0, 0, 0, 0, 19, 111, 770
"c:\Users\frontend_coder\Documents\projects\ai-job-seek-helper\app\careerforgeai\tsconfig.app.json", "JSON", 15, 0, 0, 0, 0, 0, 0, 0, 0, 2, 1, 18
"c:\Users\frontend_coder\Documents\projects\ai-job-seek-helper\app\careerforgeai\tsconfig.json", "JSON with Comments", 0, 32, 0, 0, 0, 0, 0, 0, 0, 2, 1, 35
"c:\Users\frontend_coder\Documents\projects\ai-job-seek-helper\app\careerforgeai\tsconfig.spec.json", "JSON", 12, 0, 0, 0, 0, 0, 0, 0, 0, 2, 1, 15
"Total", "-", 21315, 49, 6775, 4042, 314, 2164, 251, 303, 8, 144, 2086, 37451